id,psgc_code,name,created_at,updated_at
1,012800000,Ilocos Norte,2026-05-07 21:07:21,2026-05-07 21:07:21
2,012900000,Ilocos Sur,2026-05-07 21:07:21,2026-05-07 21:07:21
3,013300000,La Union,2026-05-07 21:07:21,2026-05-07 21:07:21
4,015500000,Pangasinan,2026-05-07 21:07:21,2026-05-07 21:07:21
5,020900000,Batanes,2026-05-07 21:07:21,2026-05-07 21:07:21
6,021500000,Cagayan,2026-05-07 21:07:21,2026-05-07 21:07:21
7,023100000,Isabela,2026-05-07 21:07:21,2026-05-07 21:07:21
8,025000000,Nueva Vizcaya,2026-05-07 21:07:21,2026-05-07 21:07:21
9,025700000,Quirino,2026-05-07 21:07:21,2026-05-07 21:07:21
10,030800000,Bataan,2026-05-07 21:07:21,2026-05-07 21:07:21
11,031400000,Bulacan,2026-05-07 21:07:21,2026-05-07 21:07:21
12,034900000,Nueva Ecija,2026-05-07 21:07:21,2026-05-07 21:07:21
13,035400000,Pampanga,2026-05-07 21:07:21,2026-05-07 21:07:21
14,036900000,Tarlac,2026-05-07 21:07:21,2026-05-07 21:07:21
15,037100000,Zambales,2026-05-07 21:07:21,2026-05-07 21:07:21
16,037700000,Aurora,2026-05-07 21:07:21,2026-05-07 21:07:21
17,041000000,Batangas,2026-05-07 21:07:21,2026-05-07 21:07:21
18,042100000,Cavite,2026-05-07 21:07:21,2026-05-07 21:07:21
19,043400000,Laguna,2026-05-07 21:07:21,2026-05-07 21:07:21
20,045600000,Quezon,2026-05-07 21:07:21,2026-05-07 21:07:21
21,045800000,Rizal,2026-05-07 21:07:21,2026-05-07 21:07:21
22,174000000,Marinduque,2026-05-07 21:07:21,2026-05-07 21:07:21
23,175100000,Occidental Mindoro,2026-05-07 21:07:21,2026-05-07 21:07:21
24,175200000,Oriental Mindoro,2026-05-07 21:07:21,2026-05-07 21:07:21
25,175300000,Palawan,2026-05-07 21:07:21,2026-05-07 21:07:21
26,175900000,Romblon,2026-05-07 21:07:21,2026-05-07 21:07:21
27,050500000,Albay,2026-05-07 21:07:21,2026-05-07 21:07:21
28,051600000,Camarines Norte,2026-05-07 21:07:21,2026-05-07 21:07:21
29,051700000,Camarines Sur,2026-05-07 21:07:21,2026-05-07 21:07:21
30,052000000,Catanduanes,2026-05-07 21:07:21,2026-05-07 21:07:21
31,054100000,Masbate,2026-05-07 21:07:21,2026-05-07 21:07:21
32,056200000,Sorsogon,2026-05-07 21:07:21,2026-05-07 21:07:21
33,060400000,Aklan,2026-05-07 21:07:21,2026-05-07 21:07:21
34,060600000,Antique,2026-05-07 21:07:21,2026-05-07 21:07:21
35,061900000,Capiz,2026-05-07 21:07:21,2026-05-07 21:07:21
36,063000000,Iloilo,2026-05-07 21:07:21,2026-05-07 21:07:21
37,064500000,Negros Occidental,2026-05-07 21:07:21,2026-05-07 21:07:21
38,067900000,Guimaras,2026-05-07 21:07:21,2026-05-07 21:07:21
39,071200000,Bohol,2026-05-07 21:07:21,2026-05-07 21:07:21
40,072200000,Cebu,2026-05-07 21:07:21,2026-05-07 21:07:21
41,074600000,Negros Oriental,2026-05-07 21:07:21,2026-05-07 21:07:21
42,076100000,Siquijor,2026-05-07 21:07:21,2026-05-07 21:07:21
43,082600000,Eastern Samar,2026-05-07 21:07:21,2026-05-07 21:07:21
44,083700000,Leyte,2026-05-07 21:07:21,2026-05-07 21:07:21
45,084800000,Northern Samar,2026-05-07 21:07:21,2026-05-07 21:07:21
46,086000000,Samar,2026-05-07 21:07:21,2026-05-07 21:07:21
47,086400000,Southern Leyte,2026-05-07 21:07:21,2026-05-07 21:07:21
48,087800000,Biliran,2026-05-07 21:07:21,2026-05-07 21:07:21
49,097200000,Zamboanga Del Norte,2026-05-07 21:07:21,2026-05-07 21:07:21
50,097300000,Zamboanga Del Sur,2026-05-07 21:07:21,2026-05-07 21:07:21
51,098300000,Zamboanga Sibugay,2026-05-07 21:07:21,2026-05-07 21:07:21
52,101300000,Bukidnon,2026-05-07 21:07:21,2026-05-07 21:07:21
53,101800000,Camiguin,2026-05-07 21:07:21,2026-05-07 21:07:21
54,103500000,Lanao Del Norte,2026-05-07 21:07:21,2026-05-07 21:07:21
55,104200000,Misamis Occidental,2026-05-07 21:07:21,2026-05-07 21:07:21
56,104300000,Misamis Oriental,2026-05-07 21:07:21,2026-05-07 21:07:21
57,112300000,Davao Del Norte,2026-05-07 21:07:21,2026-05-07 21:07:21
58,112400000,Davao Del Sur,2026-05-07 21:07:21,2026-05-07 21:07:21
59,112500000,Davao Oriental,2026-05-07 21:07:21,2026-05-07 21:07:21
60,118200000,Davao De Oro,2026-05-07 21:07:21,2026-05-07 21:07:21
61,118600000,Davao Occidental,2026-05-07 21:07:21,2026-05-07 21:07:21
62,124700000,Cotabato,2026-05-07 21:07:21,2026-05-07 21:07:21
63,126300000,South Cotabato,2026-05-07 21:07:21,2026-05-07 21:07:21
64,126500000,Sultan Kudarat,2026-05-07 21:07:21,2026-05-07 21:07:21
65,128000000,Sarangani,2026-05-07 21:07:21,2026-05-07 21:07:21
66,140100000,Abra,2026-05-07 21:07:21,2026-05-07 21:07:21
67,141100000,Benguet,2026-05-07 21:07:21,2026-05-07 21:07:21
68,142700000,Ifugao,2026-05-07 21:07:21,2026-05-07 21:07:21
69,143200000,Kalinga,2026-05-07 21:07:21,2026-05-07 21:07:21
70,144400000,Mountain Province,2026-05-07 21:07:21,2026-05-07 21:07:21
71,148100000,Apayao,2026-05-07 21:07:21,2026-05-07 21:07:21
72,160200000,Agusan Del Norte,2026-05-07 21:07:21,2026-05-07 21:07:21
73,160300000,Agusan Del Sur,2026-05-07 21:07:21,2026-05-07 21:07:21
74,166700000,Surigao Del Norte,2026-05-07 21:07:21,2026-05-07 21:07:21
75,166800000,Surigao Del Sur,2026-05-07 21:07:21,2026-05-07 21:07:21
76,168500000,Dinagat Islands,2026-05-07 21:07:21,2026-05-07 21:07:21
77,150700000,Basilan,2026-05-07 21:07:21,2026-05-07 21:07:21
78,153600000,Lanao Del Sur,2026-05-07 21:07:21,2026-05-07 21:07:21
79,153800000,Maguindanao,2026-05-07 21:07:21,2026-05-07 21:07:21
80,156600000,Sulu,2026-05-07 21:07:21,2026-05-07 21:07:21
81,157000000,Tawi-Tawi,2026-05-07 21:07:21,2026-05-07 21:07:21
82,region-090000000,Zamboanga Peninsula,2026-05-07 21:07:21,2026-05-07 21:07:21
83,region-130000000,NCR,2026-05-07 21:07:21,2026-05-07 21:07:21
84,region-120000000,SOCCSKSARGEN,2026-05-07 21:07:21,2026-05-07 21:07:21
85,130000000,Metro Manila,2026-05-07 21:23:43,2026-05-07 21:23:43
