user_id,first_name,last_name,email,email_verified_at,contact,phone_verified_at,password,profile_img,role,remember_token,created_at,updated_at,deleted_at,two_factor_secret,two_factor_recovery_codes,two_factor_confirmed_at,gender,permanent_address,government_id_type,government_id_number,company_school,position_course,emergency_contact_name,emergency_contact_relationship,emergency_contact_number,government_id_image,terms_accepted_at,rental_eligibility,eligibility_notes,eligibility_changed_at,eligibility_changed_by,permanent_province_id,permanent_city_id,permanent_barangay_id,permanent_street
2,Tanya,Torres,tenant2@example.com,2026-05-07 21:25:27,9555040984,,$2y$12$Ptx3tOrv3SL/WeGWK26UEeAZ/6GnIAD5H43Ntk8BGDPWJiTUf9JK.,https://i.pravatar.cc/150?u=garrett.friesen.993@example.com,tenant,LrcAtGqGsO,2026-05-07 21:25:27,2026-05-07 21:25:27,,,,,Female,"15768 Cleta Glen St., Calongcalong, City of Toledo, Cebu",Passport,P-987654321,"Dach, Gislason and Farrell",Special Force,Teresa Wunsch,Guardian,9260489803,government-ids/sample-id-tanya.jpg,,eligible,,,,40,909,23898,15768 Cleta Glen St.
4,Mia,Martinez,manager2@example.com,2026-05-07 21:25:28,9397547775,,$2y$12$Ptx3tOrv3SL/WeGWK26UEeAZ/6GnIAD5H43Ntk8BGDPWJiTUf9JK.,https://i.pravatar.cc/150?u=jaida.schaden.843@example.com,manager,u2QxnB60Du,2026-05-07 21:25:28,2026-05-07 21:25:28,,,,,Male,"73266 Lindgren Square St., Look 2nd, City of Malolos, Bulacan",UMID,CRN-0012-3456789,Senger Inc,Physician,Lionel Wisozk,Friend,9158891659,government-ids/sample-id-mia.jpg,,eligible,,,,11,240,6007,73266 Lindgren Square St.
6,Zelma,Yundt,zelma.yundt.762@example.com,2026-05-07 21:25:29,9292565341,,$2y$12$Ptx3tOrv3SL/WeGWK26UEeAZ/6GnIAD5H43Ntk8BGDPWJiTUf9JK.,https://i.pravatar.cc/150?u=zelma.yundt.762@example.com,tenant,pXG45pQP7r,2026-05-07 21:25:29,2026-05-07 21:25:29,,,,,Female,"49561 Quigley Manor St., Romualdez, Dulag, Leyte",National ID,PSN-20241234567,Vandervort PLC,Elementary School Teacher,Eloisa Hegmann,Spouse,9824339543,government-ids/sample-id-tricia.jpg,,eligible,,,,44,978,25899,49561 Quigley Manor St.
7,Amira,McKenzie,amira.mckenzie.143@example.com,2026-05-07 21:25:30,9607610745,,$2y$12$Ptx3tOrv3SL/WeGWK26UEeAZ/6GnIAD5H43Ntk8BGDPWJiTUf9JK.,https://i.pravatar.cc/150?u=amira.mckenzie.143@example.com,tenant,CpBTRiiJMh,2026-05-07 21:25:30,2026-05-07 21:25:30,,,,,Female,"9711 Gusikowski Burgs St., Barangay XVII, City of Victorias, Negros Occidental",National ID,PSN-20241234567,"Kemmer, Mueller and Streich",Washing Equipment Operator,Prof. Micaela Blick,Sibling,9558627494,government-ids/sample-id-tricia.jpg,,eligible,,,,37,804,21569,9711 Gusikowski Burgs St.
8,Nelson,Gerlach,nelson.gerlach.926@example.com,2026-05-07 21:25:30,9455849340,,$2y$12$Ptx3tOrv3SL/WeGWK26UEeAZ/6GnIAD5H43Ntk8BGDPWJiTUf9JK.,https://i.pravatar.cc/150?u=nelson.gerlach.926@example.com,tenant,y2bFtuY6CI,2026-05-07 21:25:30,2026-05-07 21:25:30,,,,,Male,"44724 Sawayn Tunnel St., Butucan, Nasugbu, Batangas",Driver's License,N01-12-345678,Beier PLC,Precision Pattern and Die Caster,Rod Bahringer,Parent,9272859250,government-ids/sample-id-marcus.jpg,,eligible,,,,17,367,9306,44724 Sawayn Tunnel St.
9,Iva,Nicolas,iva.nicolas.800@example.com,2026-05-07 21:25:30,9651576981,,$2y$12$Ptx3tOrv3SL/WeGWK26UEeAZ/6GnIAD5H43Ntk8BGDPWJiTUf9JK.,https://i.pravatar.cc/150?u=iva.nicolas.800@example.com,tenant,EFauDIcvVm,2026-05-07 21:25:30,2026-05-07 21:25:30,,,,,Female,"5250 Denesik Spur St., Barangay 236, Manila, Metro Manila",National ID,PSN-20241234567,"Cruickshank, Moore and McClure",Airline Pilot OR Copilot OR Flight Engineer,Angeline Rath PhD,Guardian,9294222197,government-ids/sample-id-tricia.jpg,,eligible,,,,85,1349,35485,5250 Denesik Spur St.
10,Otis,Schulist,otis.schulist.732@example.com,2026-05-07 21:25:31,9056949648,,$2y$12$Ptx3tOrv3SL/WeGWK26UEeAZ/6GnIAD5H43Ntk8BGDPWJiTUf9JK.,https://i.pravatar.cc/150?u=otis.schulist.732@example.com,tenant,ZgESmbe7Sx,2026-05-07 21:25:31,2026-05-07 21:25:31,,,,,Female,"3470 Hickle Bridge St., Aguado, City of Trece Martires, Cavite",UMID,CRN-0012-3456789,Zulauf and Sons,Data Entry Operator,Bryce Murazik,Spouse,9542436148,government-ids/sample-id-mia.jpg,,eligible,,,,18,404,10556,3470 Hickle Bridge St.
11,Maya,Shields,maya.shields.521@example.com,2026-05-07 21:25:31,9236305973,,$2y$12$Ptx3tOrv3SL/WeGWK26UEeAZ/6GnIAD5H43Ntk8BGDPWJiTUf9JK.,https://i.pravatar.cc/150?u=maya.shields.521@example.com,tenant,sxt36Mncfh,2026-05-07 21:25:31,2026-05-07 21:25:31,,,,,Female,"90825 Rau Lane St., Catadman-Manabay, City of Ozamiz, Misamis Occidental",Driver's License,N01-12-345678,Hessel-Schaden,Dishwasher,Prof. Alden Brown V,Sibling,9234127829,government-ids/sample-id-marcus.jpg,,eligible,,,,55,1217,32265,90825 Rau Lane St.
12,Arely,Ledner,arely.ledner.574@example.com,2026-05-07 21:25:32,9738913032,,$2y$12$Ptx3tOrv3SL/WeGWK26UEeAZ/6GnIAD5H43Ntk8BGDPWJiTUf9JK.,https://i.pravatar.cc/150?u=arely.ledner.574@example.com,tenant,I5Kp0Kv5g7,2026-05-07 21:25:32,2026-05-07 21:25:32,,,,,Male,"2386 Aditya Circles St., Anibong, Magallanes, Sorsogon",Passport,EB-1234567,"Aufderhar, Koss and Mueller",Insurance Policy Processing Clerk,Johann Jacobi,Friend,9762283652,government-ids/sample-id-liam.jpg,,eligible,,,,32,672,17409,2386 Aditya Circles St.
13,Mathew,Zulauf,mathew.zulauf.866@example.com,2026-05-07 21:25:32,9493123528,,$2y$12$Ptx3tOrv3SL/WeGWK26UEeAZ/6GnIAD5H43Ntk8BGDPWJiTUf9JK.,https://i.pravatar.cc/150?u=mathew.zulauf.866@example.com,tenant,juvOiFLS2B,2026-05-07 21:25:32,2026-05-07 21:25:32,,,,,Male,"4885 Sporer Canyon St., Barangay 117, Manila, Metro Manila",UMID,CRN-0012-3456789,"O'Reilly, Gusikowski and Keeling",Door To Door Sales,Tod Heidenreich,Spouse,9932762143,government-ids/sample-id-mia.jpg,,eligible,,,,85,1349,35365,4885 Sporer Canyon St.
14,Lauriane,Gleason,lauriane.gleason.546@example.com,2026-05-07 21:25:33,9426950386,,$2y$12$Ptx3tOrv3SL/WeGWK26UEeAZ/6GnIAD5H43Ntk8BGDPWJiTUf9JK.,https://i.pravatar.cc/150?u=lauriane.gleason.546@example.com,tenant,fk7Mj9kb4H,2026-05-07 21:25:33,2026-05-07 21:25:33,,,,,Male,"3901 Johnny Shoal St., Mona, City of Alaminos, Pangasinan",National ID,PSN-20241234567,O'Conner-Graham,Automotive Master Mechanic,Dr. Maye Rowe,Sibling,9613828690,government-ids/sample-id-tricia.jpg,,eligible,,,,4,80,1954,3901 Johnny Shoal St.
15,Cleveland,Smitham,cleveland.smitham.682@example.com,2026-05-07 21:25:33,9692394046,,$2y$12$Ptx3tOrv3SL/WeGWK26UEeAZ/6GnIAD5H43Ntk8BGDPWJiTUf9JK.,https://i.pravatar.cc/150?u=cleveland.smitham.682@example.com,tenant,sO8jDsv0C9,2026-05-07 21:25:33,2026-05-07 21:25:33,,,,,Male,"87803 Green Flat St., San Pedro Apartado, Alcala, Pangasinan",Passport,EB-1234567,Predovic and Sons,Geologist,Dock Haley,Friend,9926909180,government-ids/sample-id-liam.jpg,,eligible,,,,4,81,1993,87803 Green Flat St.
1,Tricia,Tenant,tenant@example.com,2026-05-07 21:25:27,9467879769,,$2y$12$Ptx3tOrv3SL/WeGWK26UEeAZ/6GnIAD5H43Ntk8BGDPWJiTUf9JK.,https://i.pravatar.cc/150?u=marian.swift.460@example.com,tenant,MrqNezeKQckJezDgLRjD4h59h3fQC5O1U97ATCVqwId2Edx0uPbB4pS9Enfh,2026-05-07 21:25:27,2026-05-07 22:43:41,,,,,Female,"25544 Wuckert Corners St., Potong, Lapinig, Northern Samar",National ID,PSN-20241234567,Schultz-Cassin,Nursing Aide,Otilia Volkman,Sibling,9590984513,government-ids/sample-id-tricia.jpg,2026-05-07 22:43:41,eligible,,,,45,1017,27178,25544 Wuckert Corners St.
5,Liam,Landlord,landlord@example.com,2026-05-07 21:25:29,9152037114,,$2y$12$Ptx3tOrv3SL/WeGWK26UEeAZ/6GnIAD5H43Ntk8BGDPWJiTUf9JK.,https://i.pravatar.cc/150?u=bud.quigley.531@example.com,landlord,FPwlRdkY4DtWtbKldPumAZCIMcqthOI2ZAy2h2GJ5hJJHcYTXohmnqmX86zI,2026-05-07 21:25:29,2026-05-07 21:25:29,,,,,Male,"19288 Armstrong Shoal St., Barangay 57, Pasay, Metro Manila",Passport,EB-1234567,ABC COMPANY,Patrol Officer,Ms. Aimee Grant,Guardian,9148875021,government-ids/sample-id-liam.jpg,,eligible,,,,85,1354,42467,19288 Armstrong Shoal St.
16,Jacky,Lowe,jacky.lowe.946@example.com,2026-05-07 21:25:34,9030072412,,$2y$12$Ptx3tOrv3SL/WeGWK26UEeAZ/6GnIAD5H43Ntk8BGDPWJiTUf9JK.,https://i.pravatar.cc/150?u=jacky.lowe.946@example.com,tenant,VbyiKVVOmD,2026-05-07 21:25:34,2026-05-07 21:25:34,,,,,Male,"5890 Kamryn Ville St., Napo, Aurora, Zamboanga Del Sur",National ID,PSN-20241234567,Terry-Kozey,Religious Worker,Emely Beer,Spouse,9786355850,government-ids/sample-id-tricia.jpg,,eligible,,,,50,1113,29799,5890 Kamryn Ville St.
17,Vicky,Cruickshank,vicky.cruickshank.326@example.com,2026-05-07 21:25:34,9375109258,,$2y$12$Ptx3tOrv3SL/WeGWK26UEeAZ/6GnIAD5H43Ntk8BGDPWJiTUf9JK.,https://i.pravatar.cc/150?u=vicky.cruickshank.326@example.com,tenant,3NLMQer0a1,2026-05-07 21:25:34,2026-05-07 21:25:34,,,,,Female,"135 Crist Mall St., Mangoto, Pinamungajan, Cebu",Driver's License,N01-12-345678,"Glover, Skiles and Blick",Technical Director,Domenick Kirlin,Spouse,9528959357,government-ids/sample-id-marcus.jpg,,eligible,,,,40,895,23646,135 Crist Mall St.
18,Rhianna,Bailey,rhianna.bailey.703@example.com,2026-05-07 21:25:34,9027286790,,$2y$12$Ptx3tOrv3SL/WeGWK26UEeAZ/6GnIAD5H43Ntk8BGDPWJiTUf9JK.,https://i.pravatar.cc/150?u=rhianna.bailey.703@example.com,tenant,IZRtQejEqL,2026-05-07 21:25:35,2026-05-07 21:25:35,,,,,Female,"55682 Wehner Station St., Bangkal, Norzagaray, Bulacan",UMID,CRN-0012-3456789,Zemlak-Howell,Soil Conservationist,Dr. Nelle Morissette PhD,Spouse,9244843456,government-ids/sample-id-mia.jpg,,eligible,,,,11,243,6077,55682 Wehner Station St.
19,Gladys,Boehm,gladys.boehm.025@example.com,2026-05-07 21:25:35,9403533997,,$2y$12$Ptx3tOrv3SL/WeGWK26UEeAZ/6GnIAD5H43Ntk8BGDPWJiTUf9JK.,https://i.pravatar.cc/150?u=gladys.boehm.025@example.com,tenant,J9N3TUZbcU,2026-05-07 21:25:35,2026-05-07 21:25:35,,,,,Female,"5425 Briana Lock St., Pigsaluhan, City of Gingoog, Misamis Oriental",National ID,PSN-20241234567,"Huel, Hayes and White",Political Scientist,Dawn Orn,Spouse,9429679084,government-ids/sample-id-tricia.jpg,,eligible,,,,56,1232,32709,5425 Briana Lock St.
20,Wava,Stroman,wava.stroman.799@example.com,2026-05-07 21:25:36,9874546948,,$2y$12$Ptx3tOrv3SL/WeGWK26UEeAZ/6GnIAD5H43Ntk8BGDPWJiTUf9JK.,https://i.pravatar.cc/150?u=wava.stroman.799@example.com,tenant,4fpjIFOFfS,2026-05-07 21:25:36,2026-05-07 21:25:36,,,,,Male,"741 Hintz Knolls St., Bukal Maligaya, Guinayangan, Quezon",UMID,CRN-0012-3456789,Stark-Kulas,Timing Device Assemblers,Miss Joana Hamill,Guardian,9436875744,government-ids/sample-id-mia.jpg,,eligible,,,,20,447,11611,741 Hintz Knolls St.
21,Wilma,Purdy,wilma.purdy.814@example.com,2026-05-07 21:25:36,9621114505,,$2y$12$Ptx3tOrv3SL/WeGWK26UEeAZ/6GnIAD5H43Ntk8BGDPWJiTUf9JK.,https://i.pravatar.cc/150?u=wilma.purdy.814@example.com,tenant,0XL7Xrt9DY,2026-05-07 21:25:36,2026-05-07 21:25:36,,,,,Male,"1878 Effertz Branch St., Barangay 192, Taguig, Metro Manila",Passport,P-987654321,Hartmann LLC,Civil Engineering Technician,Wanda Wehner,Guardian,9131451956,government-ids/sample-id-tanya.jpg,,eligible,,,,85,1363,36920,1878 Effertz Branch St.
22,Aliyah,Shanahan,aliyah.shanahan.913@example.com,2026-05-07 21:25:37,9972803339,,$2y$12$Ptx3tOrv3SL/WeGWK26UEeAZ/6GnIAD5H43Ntk8BGDPWJiTUf9JK.,https://i.pravatar.cc/150?u=aliyah.shanahan.913@example.com,tenant,XIggEiaV0d,2026-05-07 21:25:37,2026-05-07 21:25:37,,,,,Female,"54099 Pacocha Mountain St., San Agustin, San Manuel, Tarlac",Passport,P-987654321,Tromp-Fahey,Animal Care Workers,Kaitlin Hane,Sibling,9249179134,government-ids/sample-id-tanya.jpg,,eligible,,,,14,322,8137,54099 Pacocha Mountain St.
23,Angelita,Huels,angelita.huels.750@example.com,2026-05-07 21:25:37,9485163912,,$2y$12$Ptx3tOrv3SL/WeGWK26UEeAZ/6GnIAD5H43Ntk8BGDPWJiTUf9JK.,https://i.pravatar.cc/150?u=angelita.huels.750@example.com,tenant,GOhyLWPKOy,2026-05-07 21:25:37,2026-05-07 21:25:37,,,,,Female,"237 Suzanne Plaza St., Malungun, Maguing, Lanao Del Sur",National ID,PSN-20241234567,Huels PLC,Printing Press Machine Operator,Winston Schuster,Guardian,9194667246,government-ids/sample-id-tricia.jpg,,eligible,,,,78,1560,40705,237 Suzanne Plaza St.
24,Maxwell,Price,maxwell.price.240@example.com,2026-05-07 21:25:38,9459366071,,$2y$12$Ptx3tOrv3SL/WeGWK26UEeAZ/6GnIAD5H43Ntk8BGDPWJiTUf9JK.,https://i.pravatar.cc/150?u=maxwell.price.240@example.com,tenant,B7t18GBkqV,2026-05-07 21:25:38,2026-05-07 21:25:38,,,,,Female,"9492 Marquardt Islands St., Duka, Medina, Misamis Oriental",UMID,CRN-0012-3456789,Gutmann-Feil,Pipefitter,Angelo Lakin,Sibling,9018559343,government-ids/sample-id-mia.jpg,,eligible,,,,56,1243,32895,9492 Marquardt Islands St.
25,Deondre,Johnson,deondre.johnson.450@example.com,2026-05-07 21:25:38,9254224932,,$2y$12$Ptx3tOrv3SL/WeGWK26UEeAZ/6GnIAD5H43Ntk8BGDPWJiTUf9JK.,https://i.pravatar.cc/150?u=deondre.johnson.450@example.com,tenant,72Ge6pn0hP,2026-05-07 21:25:38,2026-05-07 21:25:38,,,,,Female,"97115 Daugherty Flats St., Langub, City of Davao, Davao Del Sur",Passport,P-987654321,Gutmann-McClure,Correctional Officer,Angelica Leffler,Spouse,9378487044,government-ids/sample-id-tanya.jpg,,eligible,,,,58,1263,33299,97115 Daugherty Flats St.
26,Jack,Gleichner,jack.gleichner.086@example.com,2026-05-07 21:25:39,9312448855,,$2y$12$Ptx3tOrv3SL/WeGWK26UEeAZ/6GnIAD5H43Ntk8BGDPWJiTUf9JK.,https://i.pravatar.cc/150?u=jack.gleichner.086@example.com,tenant,QpPUFPSm5b,2026-05-07 21:25:39,2026-05-07 21:25:39,,,,,Male,"50348 Daniel Mountain St., Luzvilla, Piñan, Zamboanga Del Norte",Driver's License,N01-12-345678,Weber-Hickle,Agricultural Product Grader Sorter,Dudley Krajcik,Friend,9044085862,government-ids/sample-id-marcus.jpg,,eligible,,,,49,1094,29295,50348 Daniel Mountain St.
27,Jose,Bartoletti,jose.bartoletti.845@example.com,2026-05-07 21:25:39,9127396415,,$2y$12$Ptx3tOrv3SL/WeGWK26UEeAZ/6GnIAD5H43Ntk8BGDPWJiTUf9JK.,https://i.pravatar.cc/150?u=jose.bartoletti.845@example.com,tenant,4ldjEKhWbO,2026-05-07 21:25:39,2026-05-07 21:25:39,,,,,Male,"944 Doyle Isle St., Santa Monica, Echague, Isabela",UMID,CRN-0012-3456789,Hahn Inc,Transportation Inspector,Milton Walker,Parent,9951017233,government-ids/sample-id-mia.jpg,,eligible,,,,7,172,4493,944 Doyle Isle St.
28,Nicole,Gottlieb,nicole.gottlieb.961@example.com,2026-05-07 21:25:40,9793986273,,$2y$12$Ptx3tOrv3SL/WeGWK26UEeAZ/6GnIAD5H43Ntk8BGDPWJiTUf9JK.,https://i.pravatar.cc/150?u=nicole.gottlieb.961@example.com,tenant,iGWiFOzH25,2026-05-07 21:25:40,2026-05-07 21:25:40,,,,,Female,"55768 Randi Fields St., Diolen, Mutia, Zamboanga Del Norte",UMID,CRN-0012-3456789,"Reynolds, Lakin and Bins",Communication Equipment Repairer,Prof. Melba Johnston,Friend,9775240890,government-ids/sample-id-mia.jpg,,eligible,,,,49,1093,29271,55768 Randi Fields St.
29,Tiana,Jenkins,tiana.jenkins.996@example.com,2026-05-07 21:25:40,9729872854,,$2y$12$Ptx3tOrv3SL/WeGWK26UEeAZ/6GnIAD5H43Ntk8BGDPWJiTUf9JK.,https://i.pravatar.cc/150?u=tiana.jenkins.996@example.com,tenant,ZCzFbqYFdY,2026-05-07 21:25:40,2026-05-07 21:25:40,,,,,Male,"850 Tillman Port St., Cumba, Lian, Batangas",Passport,P-987654321,Harris-Becker,Health Services Manager,Noemie Rogahn,Spouse,9308588314,government-ids/sample-id-tanya.jpg,,eligible,,,,17,361,9110,850 Tillman Port St.
30,Maxwell,Stoltenberg,maxwell.stoltenberg.464@example.com,2026-05-07 21:25:40,9879955893,,$2y$12$Ptx3tOrv3SL/WeGWK26UEeAZ/6GnIAD5H43Ntk8BGDPWJiTUf9JK.,https://i.pravatar.cc/150?u=maxwell.stoltenberg.464@example.com,tenant,6w6V9nQ3ai,2026-05-07 21:25:40,2026-05-07 21:25:40,,,,,Female,"551 Antwan Circle St., Bulaon, City of San Fernando, Pampanga",Passport,EB-1234567,Kozey Ltd,CEO,Emily Treutel,Parent,9053306219,government-ids/sample-id-liam.jpg,,eligible,,,,13,302,7665,551 Antwan Circle St.
31,Carleton,Hodkiewicz,carleton.hodkiewicz.991@example.com,2026-05-07 21:25:41,9039874003,,$2y$12$Ptx3tOrv3SL/WeGWK26UEeAZ/6GnIAD5H43Ntk8BGDPWJiTUf9JK.,https://i.pravatar.cc/150?u=carleton.hodkiewicz.991@example.com,tenant,WdJX7TmXO3,2026-05-07 21:25:41,2026-05-07 21:25:41,,,,,Male,"8851 Florida Square St., Inuman, Sindangan, Zamboanga Del Norte",Driver's License,N01-12-345678,"Lang, Stokes and Lubowitz",Farm Labor Contractor,Micheal Pagac,Guardian,9208610994,government-ids/sample-id-marcus.jpg,,eligible,,,,49,1103,29523,8851 Florida Square St.
32,Terrell,Kilback,terrell.kilback.481@example.com,2026-05-07 21:25:41,9790390891,,$2y$12$Ptx3tOrv3SL/WeGWK26UEeAZ/6GnIAD5H43Ntk8BGDPWJiTUf9JK.,https://i.pravatar.cc/150?u=terrell.kilback.481@example.com,tenant,B2OGJmAUqX,2026-05-07 21:25:41,2026-05-07 21:25:41,,,,,Female,"4102 Crist Parks St., Inabasan, Maasin, Iloilo",UMID,CRN-0012-3456789,Durgan Group,Occupational Therapist Aide,Arianna Metz,Friend,9686724752,government-ids/sample-id-mia.jpg,,eligible,,,,36,756,20173,4102 Crist Parks St.
33,Orval,Senger,orval.senger.943@example.com,2026-05-07 21:25:42,9592436276,,$2y$12$Ptx3tOrv3SL/WeGWK26UEeAZ/6GnIAD5H43Ntk8BGDPWJiTUf9JK.,https://i.pravatar.cc/150?u=orval.senger.943@example.com,tenant,KbnOKPIJ0W,2026-05-07 21:25:42,2026-05-07 21:25:42,,,,,Male,"938 Terry Trail St., Dap-dap, Tiwi, Albay",UMID,CRN-0012-3456789,"Wilkinson, Rau and Moen",Refrigeration Mechanic,Raven Gerhold,Friend,9578811336,government-ids/sample-id-mia.jpg,,eligible,,,,27,581,14864,938 Terry Trail St.
34,Vicky,Feil,vicky.feil.797@example.com,2026-05-07 21:25:42,9703692613,,$2y$12$Ptx3tOrv3SL/WeGWK26UEeAZ/6GnIAD5H43Ntk8BGDPWJiTUf9JK.,https://i.pravatar.cc/150?u=vicky.feil.797@example.com,tenant,Oif10NvyZb,2026-05-07 21:25:42,2026-05-07 21:25:42,,,,,Male,"1420 Haylie Mountains St., Batasan Matanda, San Miguel, Bulacan",National ID,PSN-20241234567,Terry Ltd,Coaches and Scout,Shanie Kunze,Guardian,9104135386,government-ids/sample-id-tricia.jpg,,eligible,,,,11,251,6277,1420 Haylie Mountains St.
35,Eula,Nitzsche,eula.nitzsche.785@example.com,2026-05-07 21:25:43,9151952429,,$2y$12$Ptx3tOrv3SL/WeGWK26UEeAZ/6GnIAD5H43Ntk8BGDPWJiTUf9JK.,https://i.pravatar.cc/150?u=eula.nitzsche.785@example.com,tenant,rHjxMCvH7M,2026-05-07 21:25:43,2026-05-07 21:25:43,,,,,Male,"78592 Stanton Cove St., San Isidro, Tabogon, Cebu",Driver's License,N01-12-345678,Botsford Ltd,Licensing Examiner and Inspector,Alvina Mohr,Friend,9714595723,government-ids/sample-id-marcus.jpg,,eligible,,,,40,906,23852,78592 Stanton Cove St.
36,Tiffany,Gusikowski,tiffany.gusikowski.767@example.com,2026-05-07 21:25:43,9409709869,,$2y$12$Ptx3tOrv3SL/WeGWK26UEeAZ/6GnIAD5H43Ntk8BGDPWJiTUf9JK.,https://i.pravatar.cc/150?u=tiffany.gusikowski.767@example.com,tenant,Rru4gmQ8vE,2026-05-07 21:25:43,2026-05-07 21:25:43,,,,,Male,"1440 Myrtis View St., Bgy. 46 - San Joaquin, City of Legazpi, Albay",UMID,CRN-0012-3456789,Rodriguez-Kuhlman,Control Valve Installer,Alfredo Fisher,Sibling,9387955445,government-ids/sample-id-mia.jpg,,eligible,,,,27,569,14448,1440 Myrtis View St.
37,Jackie,Spencer,jackie.spencer.163@example.com,2026-05-07 21:25:44,9959022186,,$2y$12$Ptx3tOrv3SL/WeGWK26UEeAZ/6GnIAD5H43Ntk8BGDPWJiTUf9JK.,https://i.pravatar.cc/150?u=jackie.spencer.163@example.com,tenant,hzv7HsPjWr,2026-05-07 21:25:44,2026-05-07 21:25:44,,,,,Female,"200 Deon Pines St., Cansan, Cabagan, Isabela",UMID,CRN-0012-3456789,"Reynolds, Terry and Kunde",Packer and Packager,Gussie Kohler,Guardian,9917626034,government-ids/sample-id-mia.jpg,,eligible,,,,7,166,4290,200 Deon Pines St.
38,Kelley,Murphy,kelley.murphy.658@example.com,2026-05-07 21:25:44,9113501617,,$2y$12$Ptx3tOrv3SL/WeGWK26UEeAZ/6GnIAD5H43Ntk8BGDPWJiTUf9JK.,https://i.pravatar.cc/150?u=kelley.murphy.658@example.com,tenant,qnfoUzRLQb,2026-05-07 21:25:44,2026-05-07 21:25:44,,,,,Female,"994 Christelle Lodge St., Bunyagan, Gandara, Samar",Passport,P-987654321,Brown-Barton,Engineering,Cassandra Ledner,Friend,9005398543,government-ids/sample-id-tanya.jpg,,eligible,,,,46,1039,27884,994 Christelle Lodge St.
39,Eva,Oberbrunner,eva.oberbrunner.575@example.com,2026-05-07 21:25:45,9012333911,,$2y$12$Ptx3tOrv3SL/WeGWK26UEeAZ/6GnIAD5H43Ntk8BGDPWJiTUf9JK.,https://i.pravatar.cc/150?u=eva.oberbrunner.575@example.com,tenant,kGA1XPR5nT,2026-05-07 21:25:45,2026-05-07 21:25:45,,,,,Male,"591 Mohr Overpass St., Taguihon, Baclayon, Bohol",Driver's License,N01-12-345678,"Will, Collins and Barton",Soil Scientist,Valentina Gleason V,Parent,9638406871,government-ids/sample-id-marcus.jpg,,eligible,,,,39,815,21760,591 Mohr Overpass St.
40,Hoyt,Gutkowski,hoyt.gutkowski.241@example.com,2026-05-07 21:25:45,9198551605,,$2y$12$Ptx3tOrv3SL/WeGWK26UEeAZ/6GnIAD5H43Ntk8BGDPWJiTUf9JK.,https://i.pravatar.cc/150?u=hoyt.gutkowski.241@example.com,tenant,OdwzAiX3VN,2026-05-07 21:25:45,2026-05-07 21:25:45,,,,,Female,"7429 Dale Ranch St., Poblacion, Anini-Y, Antique",Passport,EB-1234567,Predovic-McGlynn,Medical Sales Representative,Antone Nitzsche Sr.,Spouse,9398689001,government-ids/sample-id-liam.jpg,,eligible,,,,34,695,17973,7429 Dale Ranch St.
41,Lorenzo,Keeling,lorenzo.keeling.823@example.com,2026-05-07 21:25:46,9413114194,,$2y$12$Ptx3tOrv3SL/WeGWK26UEeAZ/6GnIAD5H43Ntk8BGDPWJiTUf9JK.,https://i.pravatar.cc/150?u=lorenzo.keeling.823@example.com,tenant,Xox0PmmMOp,2026-05-07 21:25:46,2026-05-07 21:25:46,,,,,Male,"783 Zack Orchard St., Cabol-anonan, Tudela, Misamis Occidental",UMID,CRN-0012-3456789,Tillman-Casper,Upholsterer,Kelsi Hackett IV,Sibling,9059127779,government-ids/sample-id-mia.jpg,,eligible,,,,55,1223,32458,783 Zack Orchard St.
42,King,Bruen,king.bruen.194@example.com,2026-05-07 21:25:46,9288167828,,$2y$12$Ptx3tOrv3SL/WeGWK26UEeAZ/6GnIAD5H43Ntk8BGDPWJiTUf9JK.,https://i.pravatar.cc/150?u=king.bruen.194@example.com,manager,mxyo0qhdwu,2026-05-07 21:25:46,2026-05-07 21:25:46,,,,,Female,"963 Kilback Summit St., Bgy. No. 4, San Guillermo (Pob.), City of Laoag, Ilocos Norte",Driver's License,N01-12-345678,"Mante, Runolfsson and Price",Automotive Body Repairer,Ms. Odessa Kertzmann,Friend,9141666697,government-ids/sample-id-marcus.jpg,,eligible,,,,1,12,277,963 Kilback Summit St.
43,Clark,West,clark.west.534@example.com,2026-05-07 21:25:46,9759425027,,$2y$12$Ptx3tOrv3SL/WeGWK26UEeAZ/6GnIAD5H43Ntk8BGDPWJiTUf9JK.,https://i.pravatar.cc/150?u=clark.west.534@example.com,manager,C84DJ7Qm8u,2026-05-07 21:25:47,2026-05-07 21:25:47,,,,,Female,"4951 Delmer Loop St., Union, Ubay, Bohol",Passport,P-987654321,Hirthe-Prosacco,Staff Psychologist,Stanford Swaniawski DVM,Spouse,9167326684,government-ids/sample-id-tanya.jpg,,eligible,,,,39,856,22737,4951 Delmer Loop St.
44,Bernita,Crona,bernita.crona.556@example.com,2026-05-07 21:25:47,9733033854,,$2y$12$Ptx3tOrv3SL/WeGWK26UEeAZ/6GnIAD5H43Ntk8BGDPWJiTUf9JK.,https://i.pravatar.cc/150?u=bernita.crona.556@example.com,manager,jUZhpTFbZv,2026-05-07 21:25:47,2026-05-07 21:25:47,,,,,Male,"6473 Frami Road St., Caut, La Paz, Tarlac",Passport,P-987654321,Rodriguez and Sons,Casting Machine Set-Up Operator,Angelica Gulgowski,Guardian,9938090552,government-ids/sample-id-tanya.jpg,,eligible,,,,14,315,7978,6473 Frami Road St.
3,Marcus,Manager,manager@example.com,2026-05-07 21:25:28,9249306068,,$2y$12$Ptx3tOrv3SL/WeGWK26UEeAZ/6GnIAD5H43Ntk8BGDPWJiTUf9JK.,https://i.pravatar.cc/150?u=antonietta.langworth.659@example.com,manager,o9pIShdCQN1yfKPNhAExmNxo0a7oxEkT4sDwuNluCdQDEZUQXIlQSLD7R2DZ,2026-05-07 21:25:28,2026-05-07 21:25:28,,,,,Female,"9500 Magnus Square St., Perrelos, City of Carcar, Cebu",Driver's License,N01-12-345678,"Fritsch, Towne and Dach",Grounds Maintenance Worker,Christa Pagac,Sibling,9700357294,government-ids/sample-id-marcus.jpg,,eligible,,,,40,872,23095,9500 Magnus Square St.
